item_name,category,paknsave,newworld,woolworths,unit
Anchor Full Cream Milk 2L,Dairy,2.99,3.49,3.59,2L
Anchor Trim Milk 2L,Dairy,2.99,3.49,3.59,2L
Anchor Blue Milk 1L,Dairy,1.79,2.09,1.99,1L
Pam's Full Cream Milk 2L,Dairy,2.49,2.79,2.69,2L
Lewis Road Creamery Milk 1L,Dairy,2.99,3.29,3.19,1L
Anchor Skim Milk 2L,Dairy,2.99,3.49,3.39,2L
Meadow Fresh Milk 2L,Dairy,2.79,3.19,3.09,2L
Mainland Tasty Cheese 500g,Dairy,7.99,8.99,8.49,500g
Mainland Edam Cheese 500g,Dairy,6.99,7.99,7.49,500g
Pam's Cheddar Cheese 500g,Dairy,5.99,6.49,6.29,500g
Anchor Butter 500g,Dairy,5.49,5.99,5.79,500g
Pam's Butter 500g,Dairy,4.49,4.99,4.79,500g
Meadow Fresh Greek Yoghurt 500g,Dairy,3.99,4.49,4.29,500g
Chobani Greek Yoghurt 500g,Dairy,4.49,4.99,4.79,500g
Anchor Cream Cheese 250g,Dairy,3.49,3.99,3.79,250g
Pam's Sour Cream 200g,Dairy,1.99,2.29,2.19,200g
Anchor Whipping Cream 300ml,Dairy,3.49,3.99,3.79,300ml
Pam's Cottage Cheese 250g,Dairy,2.49,2.79,2.69,250g
Anchor Mozzarella 200g,Dairy,4.49,4.99,4.79,200g
Pam's Ricotta 250g,Dairy,2.99,3.49,3.29,250g
Eggs Free Range 12pk,Eggs,4.99,4.49,5.19,12pk
Eggs Free Range 6pk,Eggs,2.99,2.79,3.09,6pk
Pam's Eggs 12pk,Eggs,3.99,4.29,4.19,12pk
Pam's Eggs 6pk,Eggs,2.49,2.69,2.59,6pk
Farmer Brown Eggs 12pk,Eggs,5.49,5.99,5.79,12pk
Vogel's Mixed Grain Bread 700g,Bread,5.49,4.99,5.29,700g
Tip Top Sandwich White Bread,Bread,3.49,3.99,3.79,700g
Tip Top Wholegrain Bread,Bread,3.99,4.29,4.19,700g
Pam's White Bread 700g,Bread,1.99,2.29,2.19,700g
Burgen Soy Lin Bread 700g,Bread,4.99,5.49,5.29,700g
Wonder White Bread 700g,Bread,3.49,3.99,3.79,700g
Molenberg Bread 700g,Bread,3.99,4.49,4.29,700g
Freya's Wholegrain Bread,Bread,4.49,4.99,4.79,700g
Pam's Multigrain Bread,Bread,2.49,2.79,2.69,700g
Bürgen Wholegrain Bread,Bread,4.99,5.49,5.29,700g
Tegel Chicken Breast 1kg,Meat,8.99,11.49,9.99,1kg
Tegel Chicken Thighs 1kg,Meat,6.99,8.49,7.49,1kg
Tegel Chicken Wings 1kg,Meat,5.99,6.99,6.49,1kg
Tegel Chicken Drumsticks 1kg,Meat,5.49,6.49,5.99,1kg
Tegel Whole Chicken 1.5kg,Meat,9.99,11.99,10.99,1.5kg
Beef Mince 500g,Meat,6.99,7.99,7.49,500g
Beef Mince 1kg,Meat,12.99,14.99,13.99,1kg
Lamb Mince 500g,Meat,7.49,8.49,7.99,500g
Pork Mince 500g,Meat,5.99,6.99,6.49,500g
Beef Steak 500g,Meat,12.99,15.99,13.99,500g
Lamb Chops 500g,Meat,9.99,11.99,10.99,500g
Pork Sausages 500g,Meat,4.99,5.99,5.49,500g
Beef Sausages 500g,Meat,4.49,5.49,4.99,500g
Bacon Rashers 250g,Meat,4.99,5.99,5.49,250g
Bacon Rashers 500g,Meat,8.99,10.99,9.99,500g
Salmon Fillet 400g,Seafood,9.99,11.99,10.99,400g
Tuna Canned 185g,Seafood,1.99,2.29,2.19,185g
Tuna Canned 4pk,Seafood,6.99,7.99,7.49,4pk
Sardines Canned 106g,Seafood,1.49,1.79,1.69,106g
Shrimps 400g,Seafood,7.99,9.99,8.99,400g
Fish Fillets Frozen 400g,Seafood,6.99,8.49,7.49,400g
Broccoli,Vegetables,1.99,2.49,2.29,each
Broccoli 1 head,Vegetables,1.99,2.49,2.29,each
Cauliflower,Vegetables,2.99,3.49,3.29,each
Carrots 1kg,Vegetables,1.49,1.99,1.79,1kg
Potatoes 1.5kg,Vegetables,2.99,3.49,3.29,1.5kg
Potatoes 2kg,Vegetables,3.49,3.99,3.79,2kg
Kumara 1kg,Vegetables,2.49,2.99,2.79,1kg
Onion 1kg,Vegetables,1.99,2.49,2.29,1kg
Garlic Bulb,Vegetables,0.99,1.29,1.19,each
Tomatoes 500g,Vegetables,2.99,3.49,3.29,500g
Cherry Tomatoes 250g,Vegetables,2.49,2.99,2.79,250g
Lettuce Iceberg,Vegetables,1.99,2.49,2.29,each
Lettuce Baby Cos,Vegetables,2.49,2.99,2.79,each
Spinach 100g,Vegetables,2.49,2.99,2.79,100g
Silverbeet Bunch,Vegetables,1.99,2.49,2.29,bunch
Capsicum Red,Vegetables,1.99,2.49,2.29,each
Capsicum Green,Vegetables,1.49,1.99,1.79,each
Capsicum Yellow,Vegetables,2.49,2.99,2.79,each
Cucumber,Vegetables,1.49,1.99,1.79,each
Zucchini,Vegetables,1.99,2.49,2.29,each
Celery,Vegetables,1.99,2.49,2.29,each
Corn Cob,Vegetables,0.99,1.29,1.19,each
Pumpkin 1kg,Vegetables,1.99,2.49,2.29,1kg
Mushrooms 200g,Vegetables,2.49,2.99,2.79,200g
Avocado,Vegetables,1.49,1.99,1.79,each
Eggplant,Vegetables,1.99,2.49,2.29,each
Leek,Vegetables,1.99,2.49,2.29,each
Cabbage,Vegetables,1.99,2.49,2.29,each
Bok Choy,Vegetables,1.49,1.99,1.79,each
Beans Green 200g,Vegetables,2.49,2.99,2.79,200g
Asparagus Bunch,Vegetables,3.99,4.99,4.49,bunch
Sweet Potato 1kg,Vegetables,2.99,3.49,3.29,1kg
Parsnip 500g,Vegetables,1.99,2.49,2.29,500g
Beetroot 500g,Vegetables,1.99,2.49,2.29,500g
Royal Gala Apples 1kg,Fruit,3.99,4.49,4.29,1kg
Fuji Apples 1kg,Fruit,3.99,4.49,4.29,1kg
Granny Smith Apples 1kg,Fruit,3.49,3.99,3.79,1kg
Bananas 1kg,Fruit,2.49,2.99,2.79,1kg
Oranges 1kg,Fruit,2.99,3.49,3.29,1kg
Mandarins 1kg,Fruit,3.99,4.49,4.29,1kg
Strawberries 250g,Fruit,3.99,4.49,4.29,250g
Blueberries 125g,Fruit,3.49,3.99,3.79,125g
Raspberries 125g,Fruit,3.99,4.49,4.29,125g
Grapes 500g,Fruit,3.99,4.49,4.29,500g
Kiwifruit 4pk,Fruit,1.99,2.49,2.29,4pk
Pears 1kg,Fruit,3.49,3.99,3.79,1kg
Lemon 3pk,Fruit,1.99,2.49,2.29,3pk
Lime 3pk,Fruit,1.99,2.49,2.29,3pk
Mango,Fruit,2.49,2.99,2.79,each
Watermelon,Fruit,5.99,6.99,6.49,each
Pineapple,Fruit,3.99,4.99,4.49,each
Peaches 500g,Fruit,3.49,3.99,3.79,500g
Nectarines 500g,Fruit,3.49,3.99,3.79,500g
Plums 500g,Fruit,3.49,3.99,3.79,500g
Cherries 500g,Fruit,6.99,7.99,7.49,500g
Pam's White Rice 2kg,Pantry,3.49,3.99,3.79,2kg
SunRice White Rice 2kg,Pantry,4.49,4.99,4.79,2kg
Pam's Brown Rice 1kg,Pantry,2.99,3.49,3.29,1kg
Pam's Pasta 500g,Pantry,1.49,1.79,1.69,500g
San Remo Pasta 500g,Pantry,2.29,2.79,2.59,500g
Barilla Pasta 500g,Pantry,2.99,3.49,3.29,500g
Rolled Oats 1kg,Pantry,2.99,3.49,3.29,1kg
Pam's Flour 1.5kg,Pantry,1.99,2.29,2.19,1.5kg
Pam's Sugar 1kg,Pantry,1.99,2.29,2.19,1kg
Pam's Brown Sugar 1kg,Pantry,2.49,2.79,2.69,1kg
Wattie's Baked Beans 420g,Pantry,1.49,1.89,1.79,420g
Pam's Baked Beans 420g,Pantry,0.99,1.29,1.19,420g
Pam's Canned Tomatoes 400g,Pantry,0.99,1.29,1.19,400g
Wattie's Canned Tomatoes 400g,Pantry,1.49,1.79,1.69,400g
Pam's Chickpeas 400g,Pantry,1.29,1.59,1.49,400g
Pam's Lentils 400g,Pantry,1.29,1.59,1.49,400g
Pam's Kidney Beans 400g,Pantry,1.29,1.59,1.49,400g
Olive Oil 500ml,Pantry,6.99,7.99,7.49,500ml
Sunflower Oil 2L,Pantry,4.99,5.99,5.49,2L
Pam's Vegetable Oil 2L,Pantry,3.99,4.49,4.29,2L
Coconut Oil 400ml,Pantry,5.99,6.99,6.49,400ml
Pam's Salt 1kg,Pantry,0.99,1.29,1.19,1kg
Pam's Black Pepper 50g,Pantry,1.99,2.29,2.19,50g
Pam's Chicken Stock 1L,Pantry,2.49,2.99,2.79,1L
Pam's Soy Sauce 250ml,Pantry,1.99,2.29,2.19,250ml
Pam's Tomato Sauce 560g,Pantry,2.49,2.99,2.79,560g
Wattie's Tomato Sauce 560g,Pantry,3.49,3.99,3.79,560g
Pam's Mayonnaise 385g,Pantry,2.49,2.99,2.79,385g
Eta Mayonnaise 385g,Pantry,3.49,3.99,3.79,385g
Pam's Peanut Butter 380g,Pantry,2.99,3.49,3.29,380g
Anchor Peanut Butter 380g,Pantry,3.99,4.49,4.29,380g
Nutella 400g,Pantry,4.99,5.49,5.29,400g
Pam's Jam Strawberry 450g,Pantry,2.49,2.99,2.79,450g
Vegemite 220g,Pantry,3.49,3.99,3.79,220g
Marmite 400g,Pantry,3.99,4.49,4.29,400g
Pam's Honey 500g,Pantry,5.99,6.99,6.49,500g
Airborne Honey 500g,Pantry,7.99,8.99,8.49,500g
Sanitarium Weet-Bix 750g,Breakfast,4.49,4.99,4.79,750g
Kellogg's Corn Flakes 500g,Breakfast,3.99,4.49,4.29,500g
Kellogg's Weet-Bix 750g,Breakfast,4.49,4.99,4.79,750g
Pam's Muesli 750g,Breakfast,3.49,3.99,3.79,750g
Uncle Tobys Rolled Oats 1kg,Breakfast,4.49,4.99,4.79,1kg
Kellogg's Special K 400g,Breakfast,4.99,5.49,5.29,400g
Kellogg's Nutri-Grain 380g,Breakfast,4.99,5.49,5.29,380g
Pam's Weetbix 750g,Breakfast,3.99,4.49,4.29,750g
Charlie's Orange Juice 1L,Beverages,3.99,4.49,4.29,1L
Pam's Apple Juice 1L,Beverages,2.49,2.99,2.79,1L
Charlie's Apple Juice 1L,Beverages,3.99,4.49,4.29,1L
Coca Cola 1.5L,Beverages,2.99,3.79,3.49,1.5L
Pepsi 1.5L,Beverages,2.99,3.79,3.49,1.5L
Sprite 1.5L,Beverages,2.99,3.79,3.49,1.5L
Fanta 1.5L,Beverages,2.99,3.79,3.49,1.5L
Pump Water 750ml,Beverages,2.99,3.49,3.29,750ml
Water 1.5L,Beverages,0.99,1.29,1.19,1.5L
Sparkling Water 1.5L,Beverages,1.49,1.79,1.69,1.5L
Nescafe Instant Coffee 100g,Beverages,5.99,6.99,6.49,100g
Moccona Coffee 100g,Beverages,7.99,8.99,8.49,100g
Pam's Tea Bags 100pk,Beverages,2.99,3.49,3.29,100pk
Dilmah Tea Bags 100pk,Beverages,3.99,4.49,4.29,100pk
Bluebird Chips 150g,Snacks,2.99,3.49,3.29,150g
Pam's Chips 150g,Snacks,1.99,2.29,2.19,150g
Whittaker's Dark Chocolate 250g,Snacks,4.99,5.49,5.29,250g
Whittaker's Milk Chocolate 250g,Snacks,4.99,5.49,5.29,250g
Cadbury Dairy Milk 200g,Snacks,3.99,4.49,4.29,200g
Pam's Crackers 250g,Snacks,1.99,2.29,2.19,250g
Griffins Malt Biscuits 400g,Snacks,2.99,3.49,3.29,400g
Arnott's Tim Tam 200g,Snacks,3.99,4.49,4.29,200g
Pam's Muesli Bars 6pk,Snacks,2.99,3.49,3.29,6pk
Pringles 134g,Snacks,3.49,3.99,3.79,134g
RJ's Licorice 280g,Snacks,3.99,4.49,4.29,280g
Pam's Popcorn 100g,Snacks,1.49,1.79,1.69,100g
Pam's Mixed Nuts 200g,Snacks,3.99,4.49,4.29,200g
Pam's Almonds 200g,Snacks,4.99,5.49,5.29,200g
